feature,auc,ci95,p_mannwhitney,q_fdr
log_tasa_mes,0.611,0.480-0.742,0.088,1.0
hora_media,0.449,0.327-0.570,0.434,1.0
ratio_seg_sig,0.542,0.393-0.690,0.524,1.0
log_seguidores,0.461,0.320-0.602,0.546,1.0
long_media_caption,0.476,0.351-0.601,0.716,1.0
log_n_posts,0.522,0.387-0.658,0.732,1.0
pct_video,0.52,0.399-0.641,0.75,1.0
dispersion_horas,0.484,0.350-0.618,0.81,1.0
antiguedad_anios,0.485,0.355-0.615,0.821,1.0
log_siguiendo,0.513,0.367-0.659,0.847,1.0
tiene_bio,0.492,0.404-0.580,0.855,1.0
pct_carrusel,0.5,0.500-0.500,1.0,1.0
pct_con_hashtag,0.5,0.500-0.500,1.0,1.0
pct_con_ubicacion,0.5,0.500-0.500,1.0,1.0
