variable,All interviewed participants,Instagram handle provided,Public Instagram account with posts (analysable)
N,105,78,30
"Age, median (IQR)",21 (17-23),20 (17-23),22 (17-23)
Age 15-17,31/104 (30%),28/78 (36%),9/30 (30%)
Age 18-21,26/104 (25%),19/78 (24%),5/30 (17%)
Age 22-25,32/104 (31%),21/78 (27%),13/30 (43%)
Age 26-29,15/104 (14%),10/78 (13%),3/30 (10%)
Gender: women,72/104 (69%),55/78 (71%),22/30 (73%)
Gender: men,30/104 (29%),21/78 (27%),6/30 (20%)
Gender: non-binary,2/104 (2%),2/78 (3%),2/30 (7%)
Occupation: student,64/104 (62%),52/78 (67%),17/30 (57%)
Education: secondary or less,39/104 (38%),29/78 (37%),10/30 (33%)
Education: upper secondary (preparatoria),42/104 (40%),30/78 (38%),11/30 (37%)
Education: university or postgraduate,23/104 (22%),19/78 (24%),9/30 (30%)
Admission diagnosis: depressive disorders (F32-F34),74/105 (70%),54/78 (69%),21/30 (70%)
Admission diagnosis: missing or pending,21/105 (20%),17/78 (22%),6/30 (20%)
Risk at admission rated high,94/104 (90%),71/78 (91%),24/30 (80%)
C-SSRS screener risk category: high,101/104 (97%),78/78 (100%),30/30 (100%)
Voluntary admission,76/104 (73%),54/78 (69%),22/30 (73%)
Previous suicide attempt,86/104 (83%),63/78 (81%),24/30 (80%)
"Number of previous attempts, median (IQR)",3 (2-5),3 (2-5),3 (2-4)
Family history of suicidal behaviour,37/101 (37%),28/75 (37%),15/29 (52%)
Substance use diagnosis,19/104 (18%),13/78 (17%),5/30 (17%)
C-SSRS: suicidal ideation (item 2),101/104 (97%),77/78 (99%),29/30 (97%)
C-SSRS: plan (item 5),91/97 (94%),71/72 (99%),24/25 (96%)
C-SSRS: suicidal behaviour (item 6),96/104 (92%),75/78 (96%),29/30 (97%)
C-SSRS: suicidal behaviour in last 3 months,95/104 (91%),74/78 (95%),29/30 (97%)
Social insurance: IMSS,79/104 (76%),59/78 (76%),24/30 (80%)
