item,all_interviewed_n,all_interviewed_k,all_interviewed_pct,analysable_n,analysable_k,analysable_pct
uses social media every day,105,90,85.7,30,26,86.7
Instagram is the favourite platform,105,50,47.6,30,17,56.7
TikTok is the favourite platform,105,41,39.0,30,12,40.0
posts public content,105,68,64.8,30,20,66.7
use changes when feeling distressed,105,90,85.7,30,26,86.7
uses social media when sad,105,65,61.9,30,21,70.0
uses social media when anxious,105,65,61.9,30,20,66.7
shares feelings on social media,105,39,37.1,30,14,46.7
uses symbolic or indirect language to express mood,105,54,51.4,30,17,56.7
has had conversations about suicide on social media,105,30,28.6,30,9,30.0
knows online groups related to suicide or self-harm,105,21,20.0,30,6,20.0
has sought help through social media,105,51,48.6,30,16,53.3
has received support through social media,105,66,62.9,30,20,66.7
has shared personal experiences online,105,62,59.0,30,19,63.3
social media affects mood,105,72,68.6,30,22,73.3
feels a constant need to be connected,105,57,54.3,30,21,70.0
