rasgo,auc,direccion,mediana_pacientes,mediana_controles,p,q_fdr
gap_mediana,0.4069,pacientes <,24.3195,30.5367,0.1515,0.8837
burstiness,0.5892,=,1.3076,1.3076,0.1683,0.8837
hashtag_pp,0.5783,pacientes >,0.0017,0.0,0.1821,0.8837
p1s_100,0.5714,pacientes >,4.1863,3.9608,0.2695,0.8837
sin_cap_share,0.4439,pacientes <,0.0379,0.0611,0.3715,0.8837
palabras_log,0.4475,pacientes <,0.8226,1.0994,0.4181,0.8837
emo_neg_100,0.4522,=,0.0,0.0,0.4021,0.8837
emo_pos_100,0.5447,=,2.8797,2.8797,0.4895,0.8837
absol_100,0.4586,=,0.8565,0.8565,0.5126,0.8837
emoji_pp,0.5403,pacientes >,0.0975,0.0746,0.5335,0.8837
neg_100,0.4675,pacientes <,0.8871,0.9545,0.6094,0.8837
puntuacion,0.5317,pacientes >,0.0062,0.0015,0.6052,0.8837
p23_100,0.4686,pacientes <,0.3887,0.5132,0.6195,0.8837
hedge_100,0.5289,=,0.0,0.0,0.5146,0.8837
ingles_share,0.5272,=,0.0,0.0,0.5292,0.8837
p1p_100,0.4731,=,0.0,0.0,0.6243,0.8837
diversidad,0.4733,=,0.6605,0.6605,0.6766,0.8837
video_share,0.52,pacientes >,0.0515,0.041,0.747,0.8837
hora_circ,0.4817,pacientes <,17.4898,17.9973,0.7776,0.8837
mencion_pp,0.4822,=,0.0,0.0,0.7512,0.8837
solo_simb_share,0.5169,pacientes <,0.0919,0.1083,0.7884,0.8837
finde_share,0.4864,pacientes <,0.306,0.309,0.8338,0.8837
noche_share,0.5117,pacientes <,0.0043,0.0186,0.8483,0.8837
emoji_val,0.4889,=,1.0,1.0,0.8347,0.8837
muerte_100,0.5042,=,0.0,0.0,0.9343,0.9343
