rasgo,n,sube,baja,igual,mediana_dif,p_signo,p_wilcoxon,q_fdr
diversidad,5,5,0,0,0.1511,0.0625,0.0591,0.5623
emo_pos_100,15,10,3,2,2.0833,0.0923,0.0692,0.5623
palabras_log,18,7,10,1,-0.2939,0.6291,0.0883,0.5623
hora_circ,18,12,6,0,2.4358,0.2379,0.1071,0.5623
hashtag_pp,18,5,2,11,0.0,0.4531,0.2049,0.8606
gap_mediana,9,4,5,0,-6.2005,1.0,0.2863,0.8983
noche_share,18,4,5,9,0.0,1.0,0.3416,0.8983
muerte_100,15,4,2,9,0.0,0.6875,0.4017,0.8983
solo_simb_share,18,5,6,7,0.0,1.0,0.4494,0.8983
emoji_pp,18,7,9,2,-0.0022,0.8036,0.4534,0.8983
puntuacion,18,4,2,12,0.0,0.6875,0.5294,0.8983
emoji_val,7,3,2,2,0.0,1.0,0.5827,0.8983
sin_cap_share,18,3,3,12,0.0,1.0,0.675,0.8983
neg_100,15,3,6,6,0.0,0.5078,0.7223,0.8983
p1s_100,15,6,7,2,0.0,1.0,0.7268,0.8983
p1p_100,15,2,3,10,0.0,1.0,0.7874,0.8983
emo_neg_100,15,2,3,10,0.0,1.0,0.7874,0.8983
finde_share,18,9,8,1,0.007,1.0,0.8124,0.8983
p23_100,15,4,5,6,0.0,1.0,0.8127,0.8983
video_share,18,4,5,9,0.0,1.0,0.9057,0.9442
absol_100,15,4,4,7,0.0,1.0,0.9442,0.9442
hedge_100,15,1,1,13,0.0,1.0,nan,nan
mencion_pp,18,3,0,15,0.0,0.25,nan,nan
burstiness,4,2,2,0,-0.0686,1.0,nan,nan
ingles_share,15,2,1,12,0,1.0,nan,nan
